TST_TestPointNum;TST_SpeedDem;TST_CellPresDemand;TST_InterPresDemand;TST_InterPres_Demand_2;TST_InterBPDemand_DE;TST_InterBPDemand_NDE;TST_InterBPDemand_NDE_2;TST_InterBPDemand_DE_2;TST_GasInjectionDemand;TST_StepDuration;TST_APFlag;TST_TempDemand;TST_GasType;TST_TestMode;TST_MeasurementReq;TST_TorqueCheck;TST_ISFlowLimit;TST_ISFlowLimit_2;TST_OBFlowLimit
1;0;0;0;0;0;0;0;0;0;1;0;;Air;1;1;0;1000;1000;1000
2;0;48;0;0;0;0;0;0;0;2;0;;Air;1;1;0;1000;1000;1000
3;0;99;0;0;0;0;0;0;0;2;0;;Air;1;1;0;1000;1000;1000
4;0;150;0;0;0;0;0;0;0;2;0;;Air;1;1;0;1000;1000;1000
5;0;198;0;0;0;0;0;0;0;2;0;;Air;1;1;0;1000;1000;1000
6;0;130;0;0;0;0;0;0;0;0;0;;Air;1;0;0;1000;1000;1000
6;0;150;0;0;0;0;0;0;0;2;0;;Air;1;1;0;1000;1000;1000
7;0;70;0;0;0;0;0;0;0;0;0;;Air;1;0;0;1000;1000;1000
7;0;99;0;0;0;0;0;0;0;2;0;;Air;1;1;0;1000;1000;1000
8;0;30;0;0;0;0;0;0;0;0;0;;Air;1;0;0;1000;1000;1000
8;0;48;0;0;0;0;0;0;0;2;0;;Air;1;1;0;1000;1000;1000
9;0;0;0;0;0;0;0;0;0;1;0;;Air;1;1;0;1000;1000;1000
10;0;48;0;0;0;0;0;0;0;2;0;;Air;1;1;0;1000;1000;1000
11;0;99;48;0;0;0;0;0;0;2;0;;Air;2;1;0;1000;1000;1000
12;0;198;99;0;0;0;0;0;0;2;0;;Air;2;1;0;1000;1000;1000
13;0;300;150;0;0;0;0;0;0;2;1;;Air;2;1;0;1000;233;2.5
14;0;300;198;0;0;0;0;0;0;2;0;;Air;2;1;0;1000;1000;1000
15;0;198;30;0;0;0;0;0;0;0;0;;Air;2;0;0;1000;1000;1000
15;0;198;48;0;0;0;0;0;0;2;0;;Air;2;1;0;1000;1000;1000
16;0;300;198;0;0;0;0;0;0;2;0;;Air;2;1;0;1000;1000;1000
17;0;300;130;0;0;0;0;0;0;0;0;;Air;2;0;0;1000;233;2.5
17;0;300;150;0;0;0;0;0;0;2;1;;Air;2;1;0;1000;233;2.5
18;0;198;75;0;0;0;0;0;0;0;0;;Air;2;0;0;1000;1000;1000
18;0;198;99;0;0;0;0;0;0;2;0;;Air;2;1;0;1000;1000;1000
19;0;99;30;0;0;0;0;0;0;0;0;;Air;2;0;0;1000;1000;1000
19;0;99;48;0;0;0;0;0;0;2;0;;Air;2;1;0;1000;1000;1000
20;0;30;0;0;0;0;0;0;0;0;0;;Air;1;0;0;1000;1000;1000
20;0;48;0;0;0;0;0;0;0;2;0;;Air;1;1;0;1000;1000;1000
21;0;0;0;0;0;0;0;0;0;2;0;;Air;1;1;0;1000;1000;1000
22;0;33;33;33;0;0;0;0;0;2;0;;Air;3;1;0;1000;1000;1000
23;0;66;66;66;0;0;0;0;0;2;0;;Air;3;1;0;1000;1000;1000
24;0;102;102;102;0;0;0;0;0;2;0;;Air;3;1;0;1000;1000;1000
25;0;123;123;123;0;0;0;0;0;2;0;;Air;3;1;0;1000;1000;1000
26;0;102;102;102;0;0;0;0;0;2;0;;Air;3;1;0;1000;1000;1000
27;0;66;66;66;0;0;0;0;0;2;0;;Air;3;1;0;1000;1000;1000
28;0;33;33;33;0;0;0;0;0;2;0;;Air;3;1;0;1000;1000;1000
29;0;0;0;0;0;0;0;0;0;1;0;;He;1;1;0;1000;1000;1000
30;11370;0;0;0;0;0;0;0;0;1;0;;He;3;1;0;1000;1000;1000
31;11370;50;35;20;0;0;0;0;0;5;1;;He;3;1;0;1000;1000;1000
32;11370;70;55;40;0;0;0;0;0;5;1;;He;3;1;0;1000;1000;1000
33;11370;90;75;60;0;0;0;0;0;5;1;;He;3;1;0;1000;1000;1000
34;11370;110;95;82;0;0;0;0;0;5;1;;He;3;1;0;1000;1000;1000
35;11370;90;76;55;0;0;0;0;0;0;1;;He;3;0;0;1000;1000;1000
35;11370;90;76;60;0;0;0;0;0;5;1;;He;3;1;0;1000;1000;1000
36;11370;70;56;35;0;0;0;0;0;0;1;;He;3;0;0;1000;1000;1000
36;11370;70;56;40;0;0;0;0;0;5;1;;He;3;1;0;1000;1000;1000
37;11370;50;35;15;0;0;0;0;0;0;1;;He;3;0;0;1000;1000;1000
37;11370;50;35;20;0;0;0;0;0;5;1;;He;3;1;0;1000;1000;1000
37;0;0;0;0;0;0;0;0;0;1;0;;He;3;1;0;1000;1000;1000
38;11370;55.3;-1;0;0;0;0.5;0.5;0;5;1;;He;2;1;0;1000;1000;1000
39;11370;110.5;-1;0;0;0;0.5;0.5;0;5;1;;He;2;1;0;1000;1000;1000
40;11370;165.8;-1;0;0;0;0.5;0.5;0;5;1;;He;2;1;0;1000;1000;1000
41;11370;179;-1;0;0;0;0.5;0.5;0;5;1;;He;2;1;0;1000;1000;1000
42;11370;165.8;10;0;0;0;0.5;0.5;0;5;1;;He;2;1;0;1000;1000;1000
43;11370;100;-1;0;0;0;0.5;0.5;0;0;0;;He;2;0;0;1000;1000;1000
43;11370;110.5;-1;0;0;0;0.5;0.5;0;5;1;;He;2;1;0;1000;1000;1000
44;11370;40;5;0;0;0;0.5;0.5;0;0;0;;He;2;0;0;1000;1000;1000
44;11370;55.3;5;0;0;0;0.5;0.5;0;5;1;;He;2;1;0;1000;1000;1000
45;0;12;2;0;0;0;0.5;0.5;0;1;0;;He;2;1;0;1000;1000;1000
46;11370;221;55.3;0;0;0;0.5;0.5;0;5;0;;He;2;1;0;1000;1000;1000
47;11370;221;110.5;0;0;0;0.5;0.5;0;5;1;;He;2;1;0;1000;442;5
48;11939;221;110.5;0;0;0;0.5;0.5;0;15;1;;He;2;1;0;1000;1000;1000
49;11370;221;110.5;0;0;0;0.5;0.5;0;60;1;;He;2;1;0;1000;442;5
50;11370;221;165.8;0;0;0;0.5;0.5;0;5;1;;He;2;1;0;1000;1000;1000
51;11370;221;179;0;0;0;0.5;0.5;0;5;1;;He;2;1;0;1000;1000;1000
52;11370;221;150;0;0;0;0.5;0.5;0;0;0;;He;2;0;0;1000;1000;1000
52;11370;221;165.8;0;0;0;0.5;0.5;0;5;1;;He;2;1;0;1000;1000;1000
53;11370;221;95;0;0;0;0.5;0.5;0;0;0;;He;2;0;0;1000;442;5
53;11370;221;110.5;0;0;0;0.5;0.5;0;5;1;;He;2;1;0;1000;442;5
54;11370;221;40;0;0;0;0.5;0.5;0;0;0;;He;2;0;0;1000;1000;1000
54;11370;221;55.3;0;0;0;0.5;0.5;0;5;1;;He;2;1;0;1000;1000;1000
54;10518;171;91;0;0;0;0.5;0.5;0;15;1;;He;2;1;0;1000;252;5
54;10518;171;50;0;0;0;0.5;0.5;0;0;0;;He;2;0;0;1000;179;5
54;10518;171;64;0;0;0;0.5;0.5;0;15;1;;He;2;1;0;1000;179;5
55;0;12;2;0;0;0;0.5;0.5;0;1;0;;He;2;1;0;1000;1000;1000
57;11370;15;2.5;0;0;0;0.5;0.5;0;30;0;1;Air;2;1;0;1000;1000;1000
58;0;12;2;0;0;0;0.5;0.5;0;1;0;;He;2;1;0;1000;1000;1000
59;0;221;110.5;0;0;0;0.5;0.5;0;2;0;;He;2;1;0;1000;1000;1000
60;11370;221;110.5;0;0;0;0.5;0.5;0;15;1;;He;2;1;0;1000;442;5
61;0;12;2;0;0;0;0.5;0.5;0;1;0;;He;2;1;0;1000;1000;1000
62;0;221;110.5;0;0;0;0.5;0.5;0;2;0;;He;2;1;0;1000;1000;1000
63;11370;221;110.5;0;0;0;0.5;0.5;0;15;1;;He;2;1;0;1000;442;5
64;0;12;2;0;0;0;0.5;0.5;0;1;0;;He;2;1;0;1000;1000;1000
65;0;221;110.5;0;0;0;0.5;0.5;0;2;0;;He;2;1;0;1000;1000;1000
66;11370;221;110.5;0;0;0;0.5;0.5;0;15;1;;He;2;1;0;1000;442;5
67;0;12;2;0;0;0;0.5;0.5;0;1;0;;He;2;1;0;1000;1000;1000
68;0;221;110.5;0;0;0;0.5;0.5;0;2;0;;He;2;1;0;1000;1000;1000
69;11370;221;110.5;0;0;0;0.5;0.5;0;15;1;;He;2;1;0;1000;442;5
70;0;0;0;0;0;0;0;0;0;1;0;;He;1;1;0;1000;1000;1000
71;0;48;0;0;0;0;0;0;0;2;0;;Air;1;1;0;1000;1000;1000
72;0;99;0;0;0;0;0;0;0;2;0;;Air;1;1;0;1000;1000;1000
73;0;150;0;0;0;0;0;0;0;2;0;;Air;1;1;0;1000;1000;1000
74;0;198;0;0;0;0;0;0;0;2;0;;Air;1;1;0;1000;1000;1000
75;0;150;0;0;0;0;0;0;0;2;0;;Air;1;1;0;1000;1000;1000
76;0;99;0;0;0;0;0;0;0;2;0;;Air;1;1;0;1000;1000;1000
77;0;48;0;0;0;0;0;0;0;2;0;;Air;1;1;0;1000;1000;1000
78;0;0;0;0;0;0;0;0;0;2;0;;Air;1;1;0;1000;1000;1000
79;0;48;0;0;0;0;0;0;0;2;0;;Air;1;1;0;1000;1000;1000
80;0;99;48;0;0;0;0;0;0;2;0;;Air;2;1;0;1000;1000;1000
81;0;198;99;0;0;0;0;0;0;2;0;;Air;2;1;0;1000;1000;1000
82;0;300;150;0;0;0;0;0;0;2;1;;Air;2;1;0;1000;233;2.5
83;0;300;198;0;0;0;0;0;0;2;0;;Air;2;1;0;1000;1000;1000
84;0;198;20;0;0;0;0;0;0;0;0;;Air;2;0;0;1000;1000;1000
84;0;198;48;0;0;0;0;0;0;2;0;;Air;2;1;0;1000;1000;1000
85;0;300;198;0;0;0;0;0;0;2;0;;Air;2;1;0;1000;1000;1000
86;0;300;130;0;0;0;0;0;0;0;0;;Air;2;0;0;1000;233;2.5
86;0;300;150;0;0;0;0;0;0;2;1;;Air;2;1;0;1000;233;2.5
87;0;198;70;0;0;0;0;0;0;0;0;;Air;2;0;0;1000;1000;1000
87;0;198;99;0;0;0;0;0;0;2;0;;Air;2;1;0;1000;1000;1000
88;0;99;35;0;0;0;0;0;0;0;0;;Air;2;0;0;1000;1000;1000
88;0;99;48;0;0;0;0;0;0;2;0;;Air;2;1;0;1000;1000;1000
89;0;48;0;0;0;0;0;0;0;2;0;;Air;1;1;0;1000;1000;1000
90;0;0;0;0;0;0;0;0;0;2;0;;Air;1;1;0;1000;1000;1000
91;0;33;33;33;0;0;0;0;0;2;0;;Air;3;1;0;1000;1000;1000
92;0;66;66;66;0;0;0;0;0;2;0;;Air;3;1;0;1000;1000;1000
93;0;102;102;102;0;0;0;0;0;2;0;;Air;3;1;0;1000;1000;1000
94;0;123;123;123;0;0;0;0;0;2;0;;Air;3;1;0;1000;1000;1000
95;0;102;102;85;0;0;0;0;0;0;0;;Air;3;0;0;1000;1000;1000
96;0;66;66;66;0;0;0;0;0;2;0;;Air;3;1;0;1000;1000;1000
97;0;33;33;33;0;0;0;0;0;2;0;;Air;3;1;0;1000;1000;1000
98;0;0;0;0;0;0;0;0;0;1;0;;Air;1;1;0;1000;1000;1000
